iter	MultiClass
0	2.68854782
1	2.541699031
2	2.439534525
3	2.360808075
4	2.295837688
5	2.244101888
6	2.200639218
7	2.163367869
8	2.131929256
9	2.104851491
10	2.079703302
11	2.058924399
12	2.041512618
13	2.025334859
14	2.011444469
15	1.999617932
16	1.988937477
17	1.978004956
18	1.969836619
19	1.961597954
20	1.954800357
21	1.948827167
22	1.942202114
23	1.9371311
24	1.931963809
